City_ID,City,Country,Lat,Lng,Max Temp,Humidity,Cloudiness,Wind Speed,Current Description
0,Geraldton,AU,-28.7667,114.6,97.21,17,100,21.85,overcast clouds
1,Aklavik,CA,68.2191,-135.0107,0.32,95,100,21.65,snow
2,Bethel,US,41.3712,-73.414,41.99,69,7,1.01,clear sky
3,Port Alfred,ZA,-33.5906,26.891,70.52,84,93,1.72,overcast clouds
4,Waddan,LY,29.1614,16.139,56.55,37,97,5.61,overcast clouds
5,Atuona,PF,-9.8,-139.0333,78.64,74,78,16.26,broken clouds
6,Ajdabiya,LY,30.7554,20.2263,54.61,52,72,9.8,broken clouds
7,New Norfolk,AU,-42.7826,147.0587,64.71,29,19,3.62,few clouds
8,Castro,BR,-24.7911,-50.0119,65.93,62,46,3.02,scattered clouds
9,Verkhnyaya Inta,RU,65.9811,60.3094,-1.89,82,69,8.97,broken clouds
10,Cape Town,ZA,-33.9258,18.4232,63.01,89,75,1.01,broken clouds
11,Kirakira,SB,-10.4544,161.9205,85.1,74,100,5.23,overcast clouds
12,Ushuaia,AR,-54.8,-68.3,53.26,43,20,17.27,few clouds
13,Busselton,AU,-33.65,115.3333,83.05,40,98,10.83,overcast clouds
14,Rikitea,PF,-23.1203,-134.9692,74.86,87,100,25.52,light rain
15,Victoria,HK,22.2855,114.1577,50.38,84,100,4.0,overcast clouds
16,Vaini,TO,-21.2,-175.2,84.36,84,75,5.75,volcanic ash
17,Qena,EG,26.1615,32.7183,51.94,40,41,4.36,scattered clouds
18,Nemencine,LT,54.85,25.4833,20.34,97,54,5.37,broken clouds
19,Upernavik,GL,72.7868,-56.1549,-6.65,100,99,14.67,overcast clouds
20,Coos Bay,US,43.3665,-124.2179,39.92,96,90,16.11,mist
21,Lexington,US,37.9887,-84.4777,50.99,78,1,1.01,clear sky
22,Okhotsk,RU,59.3833,143.3,-21.17,82,2,16.58,clear sky
23,Yellowknife,CA,62.456,-114.3525,-12.59,87,40,5.75,scattered clouds
24,Bara,NG,10.3744,10.7288,69.89,29,8,6.31,clear sky
25,Mataura,NZ,-46.1927,168.8643,59.49,81,100,2.48,overcast clouds
26,Sinnamary,GF,5.3833,-52.95,78.17,89,93,11.1,overcast clouds
27,San Patricio,US,28.017,-97.5169,76.98,77,0,14.47,clear sky
28,Butaritari,KI,3.0707,172.7902,82.35,73,68,12.19,broken clouds
29,Pangnirtung,CA,66.1451,-65.7125,2.71,60,20,7.31,few clouds
30,Hermanus,ZA,-34.4187,19.2345,68.81,90,8,4.85,clear sky
31,Puerto Ayora,EC,-0.7393,-90.3518,70.32,87,97,8.41,overcast clouds
32,Mar Del Plata,AR,-38.0023,-57.5575,64.09,82,40,1.99,scattered clouds
33,Caransebes,RO,45.4167,22.2167,44.15,94,100,2.77,light rain
34,Saint-Pierre,RE,-21.3393,55.4781,76.68,91,10,3.44,clear sky
35,Kapaa,US,22.0752,-159.319,78.78,75,40,1.01,light rain
36,Kautokeino,NO,69.0125,23.0412,2.41,98,97,2.77,overcast clouds
37,Avarua,CK,-21.2078,-159.775,78.85,73,75,10.36,light rain
38,Vestmannaeyjar,IS,63.4427,-20.2734,35.69,71,100,13.06,light rain
39,Brigantine,US,39.4101,-74.3646,47.03,71,1,8.05,clear sky
40,Devils Lake,US,48.1128,-98.8651,8.58,83,90,17.0,snow
41,San Policarpo,PH,12.1791,125.5072,79.92,81,74,19.93,broken clouds
42,Barreirinhas,BR,-2.7469,-42.8264,79.59,76,84,7.36,broken clouds
43,Mahebourg,MU,-20.4081,57.7,75.25,82,40,10.0,scattered clouds
44,Qaanaaq,GL,77.484,-69.3632,-8.28,94,97,5.61,overcast clouds
45,Koscierzyna,PL,54.1223,17.9812,26.29,93,8,3.74,clear sky
46,Sao Filipe,CV,14.8961,-24.4956,76.82,64,0,7.76,clear sky
47,Leningradskiy,RU,69.3833,178.4167,-20.49,95,98,6.64,overcast clouds
48,Arraial Do Cabo,BR,-22.9661,-42.0278,74.01,83,0,18.77,clear sky
49,Lata,PT,40.1629,-8.3327,60.08,96,97,10.96,overcast clouds
50,Sarkand,KZ,45.41,79.9186,26.1,76,100,5.35,overcast clouds
51,Karasjok,NO,69.4719,25.5112,5.11,99,100,2.98,overcast clouds
52,Paamiut,GL,61.994,-49.6678,22.06,73,4,6.31,clear sky
53,Norman Wells,CA,65.282,-126.8329,-9.36,77,40,26.46,scattered clouds
54,Barrow,US,71.2906,-156.7887,-3.98,77,90,18.41,light snow
55,Poum,NC,-20.2333,164.0167,81.73,77,70,14.05,broken clouds
56,Saint-Georges,GD,12.0564,-61.7485,76.68,78,0,6.91,clear sky
57,Boyolangu,ID,-8.1181,111.8935,80.2,83,100,5.75,overcast clouds
58,Weligama,LK,5.9667,80.4167,71.2,89,15,7.14,few clouds
59,Bhainsa,IN,26.9548,76.9012,57.76,61,91,5.84,overcast clouds
60,Zhigansk,RU,66.7697,123.3711,-33.79,99,100,5.3,overcast clouds
61,Sembakung,ID,3.8167,117.25,76.93,97,100,2.26,moderate rain
62,Gat,IL,31.61,34.7642,55.4,56,0,1.74,clear sky
63,Albany,US,42.6001,-73.9662,37.09,78,40,3.0,scattered clouds
64,Los Llanos De Aridane,ES,28.6585,-17.9182,61.12,87,0,3.0,clear sky
65,Saint Anthony,US,45.0205,-93.218,31.93,69,90,8.01,light snow
66,Prince Rupert,CA,54.3161,-130.3201,17.29,43,1,6.91,clear sky
67,Iquique,CL,-20.2208,-70.1431,70.25,83,42,1.9,scattered clouds
68,Bethanien,NA,-26.502,17.1583,60.33,54,0,6.24,clear sky
69,Bonthe,SL,7.5264,-12.505,79.09,80,68,4.97,broken clouds
70,Ilinskiy,RU,55.619,38.1182,10.98,72,40,8.95,scattered clouds
71,Kodiak,US,57.79,-152.4072,43.29,82,47,7.11,scattered clouds
72,Tecpan,GT,14.7623,-90.9947,58.32,85,1,1.57,clear sky
73,Gejiu,CN,23.306,103.1635,42.64,96,94,4.88,overcast clouds
74,Pasighat,IN,28.0667,95.3333,54.43,58,73,2.95,broken clouds
75,Aksarka,RU,66.5606,67.7975,9.27,93,100,14.54,overcast clouds
76,Ferme-Neuve,CA,46.7001,-75.4493,15.58,85,100,9.13,overcast clouds
77,Port Hardy,CA,50.6996,-127.4199,23.0,45,2,7.2,clear sky
78,Punta Arenas,CL,-53.15,-70.9167,57.31,44,75,12.66,broken clouds
79,Thompson,CA,55.7435,-97.8558,-29.04,75,75,0.0,broken clouds
80,Konibodom,TJ,40.2843,70.4426,29.97,79,100,11.39,overcast clouds
81,Itoman,JP,26.1247,127.6694,59.02,58,75,17.27,broken clouds
82,Saint-Philippe,RE,-21.3585,55.7679,76.59,87,62,11.05,light rain
83,Andra,RU,62.5147,65.8878,9.14,94,100,12.33,light snow
84,Painesville,US,41.7245,-81.2457,38.55,88,75,0.0,broken clouds
85,Sola,VU,-13.8833,167.55,86.67,74,75,0.0,broken clouds
86,Yerbogachen,RU,61.2767,108.0108,-10.07,87,100,2.37,overcast clouds
87,Arman,RU,59.7,150.1667,-13.43,78,66,13.11,broken clouds
88,Naze,JP,28.3667,129.4833,49.12,65,100,13.87,overcast clouds
89,Khatanga,RU,71.9667,102.5,-34.91,100,72,4.0,broken clouds
90,Cabo San Lucas,MX,22.8909,-109.9124,79.52,69,1,4.61,clear sky
91,Zaysan,KZ,47.4667,84.8667,8.24,80,46,4.25,scattered clouds
92,Lorengau,PG,-2.0226,147.2712,83.21,78,95,7.52,overcast clouds
93,Clyde River,CA,70.4692,-68.5914,-7.37,77,94,13.8,overcast clouds
94,Segou,ML,13.4317,-6.2157,77.23,15,94,10.47,overcast clouds
95,Koygorodok,RU,60.445,50.9968,7.05,91,100,8.9,overcast clouds
96,Bluff,NZ,-46.6,168.3333,59.81,61,34,13.87,scattered clouds
97,Gazanjyk,TM,39.2446,55.5154,34.77,81,19,15.55,few clouds
98,Basco,PH,20.4487,121.9702,73.04,70,99,31.18,overcast clouds
99,Ambilobe,MG,-13.2,49.05,74.66,80,55,3.67,broken clouds
100,Hervey Bay,AU,-25.2986,152.8535,79.03,85,100,5.99,light rain
101,Plettenberg Bay,ZA,-34.0527,23.3716,65.53,97,53,4.07,moderate rain
102,Sterling,US,39.0062,-77.4286,54.21,53,20,11.5,few clouds
103,Bathsheba,BB,13.2167,-59.5167,75.81,73,20,9.22,few clouds
104,Kudahuvadhoo,MV,2.6708,72.8944,81.0,66,28,15.35,scattered clouds
105,Pokhara,NP,28.2333,83.9833,50.27,54,82,5.39,broken clouds
106,Newcastleton,GB,55.1796,-2.8127,41.23,99,100,2.71,overcast clouds
107,Bredasdorp,ZA,-34.5322,20.0403,68.29,94,77,2.3,broken clouds
108,East London,ZA,-33.0153,27.9116,71.26,70,100,6.22,overcast clouds
109,Riyadh,SA,24.6877,46.7219,50.14,59,21,2.73,few clouds
110,Inirida,CO,3.8653,-67.9239,78.22,87,46,1.32,scattered clouds
111,Kristianstad,SE,56.0313,14.1524,22.84,92,90,0.0,fog
112,Dikson,RU,73.5069,80.5464,-5.08,87,69,19.71,broken clouds
113,Hilo,US,19.7297,-155.09,79.29,58,40,11.5,scattered clouds
114,Ponta Do Sol,PT,32.6667,-17.1,69.01,88,86,5.08,overcast clouds
115,Chicama,PE,-7.8447,-79.1469,64.94,75,91,6.38,overcast clouds
116,Coihaique,CL,-45.5752,-72.0662,64.35,63,75,3.44,broken clouds
117,Provideniya,RU,64.3833,-173.3,8.71,78,75,13.42,light snow
118,Marzuq,YE,14.4,46.4667,60.58,25,0,3.29,clear sky
119,Hasaki,JP,35.7333,140.8333,36.28,36,0,14.7,clear sky
120,Alyangula,AU,-13.8483,136.4192,82.27,94,90,9.22,light rain
121,Korla,CN,41.7597,86.1469,16.21,72,18,1.7,few clouds
122,Port Blair,IN,11.6667,92.75,78.37,77,11,10.07,few clouds
123,Birao,CF,10.2849,22.7882,73.33,22,100,7.56,overcast clouds
124,Tuktoyaktuk,CA,69.4541,-133.0374,-0.4,78,90,26.46,light snow
125,Harper,LR,4.375,-7.7169,79.63,87,13,7.92,light rain
126,Iranshahr,IR,27.2025,60.6848,57.54,26,0,6.91,clear sky
127,Santa Lucia,ES,27.9117,-15.5407,58.32,82,75,10.36,broken clouds
128,Cherskiy,RU,68.75,161.3,-22.56,98,100,9.64,overcast clouds
129,Codrington,AU,-38.2667,141.9667,61.77,51,90,20.18,overcast clouds
130,Kisangani,CD,0.5167,25.2,71.46,97,99,0.45,overcast clouds
131,Tamandare,BR,-8.7597,-35.1047,77.83,84,100,4.99,light rain
132,Kushima,JP,31.4583,131.2333,38.71,55,6,8.5,clear sky
133,The Valley,AI,18.217,-63.0578,79.83,78,40,5.75,scattered clouds
134,Lebu,CL,-37.6167,-73.65,59.13,84,35,19.77,scattered clouds
135,Vao,NC,-22.6667,167.4833,77.61,76,76,5.46,broken clouds
136,Hillsborough,US,37.5741,-122.3794,50.2,86,90,4.61,light rain
137,Kutum,SD,14.2,24.6667,59.77,24,100,6.96,overcast clouds
138,Kavieng,PG,-2.5744,150.7967,83.34,79,99,9.31,moderate rain
139,Jamestown,US,42.097,-79.2353,34.92,83,90,3.0,overcast clouds
140,Georgetown,MY,5.4112,100.3354,80.53,85,20,1.14,few clouds
141,Airai,TL,-8.9266,125.4092,60.85,96,96,3.51,light rain
142,North Bay,CA,46.3168,-79.4663,15.94,83,75,4.61,light snow
143,Santa Ana,US,33.7456,-117.8678,59.65,59,40,1.99,scattered clouds
144,Doha,QA,25.2867,51.5333,62.58,61,0,10.36,clear sky
145,Itaituba,BR,-4.2761,-55.9836,78.96,94,20,0.0,few clouds
146,Ahipara,NZ,-35.1667,173.1667,76.51,58,99,6.87,overcast clouds
147,Hobart,AU,-42.8794,147.3294,65.05,45,40,4.0,scattered clouds
148,Rocha,UY,-34.4833,-54.3333,62.17,73,2,5.46,clear sky
149,Sao Joao Da Barra,BR,-21.6403,-41.0511,73.15,85,0,10.02,clear sky
150,Hualmay,PE,-11.0964,-77.6139,69.04,82,16,7.45,few clouds
151,Auki,SB,-8.7676,160.7034,83.5,79,100,6.08,overcast clouds
152,Port Macquarie,AU,-31.4333,152.9167,75.88,88,78,11.88,light rain
153,Yar-Sale,RU,66.8333,70.8333,8.01,84,90,19.66,overcast clouds
154,Ribeira Grande,PT,38.5167,-28.7,63.75,82,47,35.84,scattered clouds
155,Saskylakh,RU,71.9167,114.0833,-23.73,97,87,5.7,overcast clouds
156,Zlitan,LY,32.4674,14.5687,60.75,39,63,14.76,broken clouds
157,Alofi,NU,-19.0595,-169.9187,84.09,70,86,6.91,overcast clouds
158,Novyy Urgal,RU,51.0736,132.5642,-39.06,100,62,0.85,broken clouds
159,Kruisfontein,ZA,-34.0033,24.7314,65.88,91,76,3.62,light rain
160,Kerman,IR,30.2832,57.0788,33.66,60,0,4.61,clear sky
161,Chokurdakh,RU,70.6333,147.9167,-28.7,100,100,3.89,overcast clouds
162,Pevek,RU,69.7008,170.3133,-16.38,98,100,3.89,overcast clouds
163,Bayanday,RU,53.0661,105.5139,-13.95,99,83,4.52,broken clouds
164,Isangel,VU,-19.55,169.2667,86.11,79,75,2.3,broken clouds
165,Grand Gaube,MU,-20.0064,57.6608,75.38,90,38,1.99,scattered clouds
166,Nikolskoye,RU,59.7035,30.7861,15.69,93,97,7.9,overcast clouds
167,Bushenyi,UG,-0.5853,30.2114,58.1,95,81,3.53,broken clouds
168,Teknaf,BD,20.8624,92.3058,61.75,72,0,5.66,clear sky
169,Caconda,AO,-13.7333,15.0667,58.66,74,100,4.68,overcast clouds
170,Maniago,IT,46.1706,12.7078,42.13,86,98,2.64,overcast clouds
171,Marawi,PH,7.9986,124.2928,70.65,85,100,1.57,overcast clouds
172,Khandbari,NP,27.3747,87.2039,47.84,78,70,3.02,broken clouds
173,Bandarbeyla,SO,9.4942,50.8122,75.67,73,19,11.63,few clouds
174,The Pas,CA,53.8251,-101.2541,-14.78,70,75,5.75,broken clouds
175,Sibolga,ID,1.7427,98.7792,75.87,86,31,3.27,scattered clouds
176,Tiksi,RU,71.6872,128.8694,-7.85,96,100,5.01,overcast clouds
177,Bend,US,44.0582,-121.3153,25.88,74,1,1.01,light snow
178,Port Elizabeth,ZA,-33.918,25.5701,68.09,94,0,4.61,clear sky
179,Narsaq,GL,60.9167,-46.05,37.62,62,39,7.61,scattered clouds
180,Mayor Pablo Lagerenza,PY,-19.9309,-60.7718,81.19,44,67,1.54,broken clouds
181,Lukovetskiy,RU,64.2956,41.9211,-23.82,100,91,1.95,overcast clouds
182,Taoudenni,ML,22.6783,-3.9836,69.75,26,7,7.76,clear sky
183,Mitchell,US,43.7094,-98.0298,31.98,84,90,14.0,overcast clouds
184,Emerald,AU,-23.5333,148.1667,79.34,70,100,7.81,overcast clouds
185,Hirata,JP,35.4333,132.8167,33.82,93,75,16.11,light shower snow
186,Tuy Hoa,VN,13.0833,109.3,73.51,91,77,4.99,broken clouds
187,Quatre Cocos,MU,-20.2078,57.7625,75.09,83,47,10.31,scattered clouds
188,Bambous Virieux,MU,-20.3428,57.7575,75.22,82,44,10.29,scattered clouds
189,Venice,US,27.0998,-82.4543,69.84,87,1,3.44,clear sky
190,Najran,SA,17.4924,44.1277,56.05,29,4,3.53,clear sky
191,Xining,CN,36.6167,101.7667,11.48,66,19,1.25,few clouds
192,Ostrovnoy,RU,68.0531,39.5131,13.44,93,100,3.42,light snow
193,Ancud,CL,-41.8697,-73.8203,67.53,85,38,4.45,scattered clouds
194,Salalah,OM,17.0151,54.0924,71.69,73,0,3.44,clear sky
195,Pisco,PE,-13.7,-76.2167,69.85,83,0,16.11,clear sky
196,Ponta Delgada,PT,37.7333,-25.6667,65.12,77,40,23.02,scattered clouds
197,Canico,PT,32.6333,-16.85,69.01,89,20,3.0,few clouds
198,Zlobin,HR,45.2924,14.6541,38.5,77,40,10.36,scattered clouds
199,Puerto Madero,MX,14.7208,-92.4215,80.8,78,1,3.44,clear sky
200,Berwick,US,41.0545,-76.2333,42.15,69,21,5.68,few clouds
201,Hamilton,US,39.1834,-84.5333,50.94,68,1,4.61,clear sky
202,Patitirion,GR,39.15,23.8667,57.38,76,70,13.35,broken clouds
203,Hun,LY,29.1268,15.9477,56.26,37,93,5.12,overcast clouds
204,Abu Kamal,SY,34.4506,40.9171,43.03,47,0,2.8,clear sky
205,Japura,ID,-0.3167,102.35,73.2,98,73,1.41,broken clouds
206,Kaitangata,NZ,-46.2817,169.8464,58.93,61,100,1.28,light rain
207,Beringovskiy,RU,63.05,179.3167,-15.75,92,17,11.34,few clouds
208,La Playona,HN,15.1167,-88.9833,78.37,96,22,2.04,few clouds
209,Ornskoldsvik,SE,63.2909,18.7153,9.55,85,25,9.22,scattered clouds
210,Tasiilaq,GL,65.6145,-37.6368,17.76,61,0,5.61,clear sky
211,Pareora,NZ,-44.4871,171.2132,58.17,96,100,6.67,light rain
212,Hithadhoo,MV,-0.6,73.0833,81.61,67,34,11.41,scattered clouds
213,Hobyo,SO,5.3505,48.5268,77.72,74,24,16.24,few clouds
214,Zlatoust,RU,55.1711,59.6508,7.36,95,99,4.74,overcast clouds
215,Benghazi,LY,32.1167,20.0667,57.11,58,38,15.57,scattered clouds
216,Katsuura,JP,35.1333,140.3,45.19,31,10,9.66,clear sky
217,Axim,GH,4.8699,-2.2405,80.24,85,88,4.88,overcast clouds
218,Sarakhs,IR,36.5449,61.1577,36.23,70,53,8.55,broken clouds
219,Bengkulu,ID,-3.8004,102.2655,75.56,89,85,4.79,overcast clouds
220,Pundaguitan,PH,6.3711,126.1689,81.23,77,98,16.55,overcast clouds
221,Carnarvon,AU,-24.8667,113.6333,77.07,83,76,13.8,broken clouds
222,Chateaubelair,VC,13.2833,-61.25,76.28,70,96,6.67,overcast clouds
223,Cidreira,BR,-30.1811,-50.2056,71.73,88,28,5.59,scattered clouds
224,Marquette,US,46.5333,-87.6335,20.77,79,100,8.7,overcast clouds
225,Yulara,AU,-25.2406,130.9889,87.64,19,0,16.11,clear sky
226,Hofn,IS,64.2539,-15.2082,29.59,69,100,14.92,overcast clouds
227,West Plains,US,36.7281,-91.8524,62.28,93,90,3.0,overcast clouds
228,Borova,UA,50.1763,30.1043,22.33,93,9,4.81,clear sky
229,Otane,NZ,-39.8833,176.6333,73.38,26,54,5.21,broken clouds
230,Saint George,US,37.1041,-113.5841,50.95,39,1,3.0,clear sky
231,Klyuchi,RU,52.2667,79.1667,20.08,96,100,5.03,light snow
232,Avera,US,33.194,-82.5271,67.53,91,12,6.6,few clouds
233,Ferkessedougou,CI,9.6,-5.2,78.39,21,81,4.0,broken clouds
234,Bandundu,CD,-3.3167,17.3667,72.32,97,100,3.22,light rain
235,Esperance,AU,-33.8667,121.9,67.84,57,2,15.05,clear sky
236,Oum Hadjer,TD,13.2954,19.6966,72.18,20,14,9.35,few clouds
237,Hambantota,LK,6.1241,81.1185,70.14,100,3,4.61,clear sky
238,San Rafael,AR,-34.6177,-68.3301,86.81,26,41,10.42,scattered clouds
239,Pozo Colorado,PY,-23.4923,-58.7972,86.29,20,23,6.13,few clouds
240,Atakpame,TG,7.5333,1.1333,76.03,53,7,3.91,clear sky
241,Umea,SE,63.8284,20.2597,4.93,85,6,8.05,clear sky
242,Ojinaga,MX,29.5667,-104.4167,78.57,23,1,0.0,clear sky
243,Longyearbyen,SJ,78.2186,15.6401,17.44,67,0,12.66,clear sky
244,Thinadhoo,MV,0.5333,72.9333,80.92,71,19,12.82,few clouds
245,Zapolyarnyy,RU,69.4154,30.8136,20.48,98,100,3.31,light snow
246,Ontario,US,34.0633,-117.6509,56.57,58,40,3.0,scattered clouds
247,Khani,GE,41.9563,42.9566,24.37,81,81,7.81,broken clouds
248,Olinda,BR,-8.0089,-34.8553,80.33,78,40,0.0,scattered clouds
249,Campbeltown,GB,55.4258,-5.6076,44.65,95,100,15.21,overcast clouds
250,Santa Ines,BR,-3.6667,-45.38,75.0,95,99,5.88,overcast clouds
251,Vanimo,PG,-2.6741,141.3028,84.69,67,98,2.24,overcast clouds
252,Fort Nelson,CA,58.8053,-122.7002,-31.41,68,1,3.44,clear sky
253,Dillon,US,34.4166,-79.3712,64.74,67,4,1.45,clear sky
254,Laguna,US,38.421,-121.4238,48.92,87,90,1.99,overcast clouds
255,Garwa,IN,24.1833,83.8167,54.64,60,69,1.3,broken clouds
256,Nome,US,64.5011,-165.4064,24.87,80,75,14.97,broken clouds
257,Tornio,FI,65.8481,24.1466,-9.38,97,54,5.61,broken clouds
258,Lompoc,US,34.6391,-120.4579,56.41,61,1,11.5,clear sky
259,Nikolsk,RU,53.7189,46.0712,14.49,90,84,16.44,broken clouds
260,Klaksvik,FO,62.2266,-6.589,40.12,83,100,27.13,overcast clouds
261,Shelburne,CA,44.0787,-80.2041,30.13,86,40,8.39,scattered clouds
262,Chernivtsi,UA,48.2915,25.9403,22.19,97,98,3.8,overcast clouds
263,Powell River,CA,49.8496,-124.5361,23.0,86,75,2.3,broken clouds
264,Baruun-Urt,MN,46.6806,113.2792,-1.84,87,5,6.91,clear sky
265,Saurimo,AO,-9.6608,20.3916,65.07,99,92,0.69,moderate rain
266,Pandan Niog,PH,6.2282,120.5631,82.65,73,99,3.31,overcast clouds
267,Takoradi,GH,4.8845,-1.7554,80.69,84,56,6.2,broken clouds
268,Vostok,RU,46.4856,135.8833,-18.09,97,100,3.06,overcast clouds
269,Amarpur,IN,25.0333,86.9,58.57,65,42,2.26,scattered clouds
270,Maldonado,UY,-34.6667,-54.9167,69.22,67,1,5.14,clear sky
271,Chernyshevskiy,RU,63.0128,112.4714,-20.04,99,98,1.36,overcast clouds
272,Maasim,PH,5.8575,125.0061,82.83,68,100,7.05,overcast clouds
273,Coxim,BR,-18.5067,-54.76,78.04,56,26,3.78,scattered clouds
274,Inhambane,MZ,-23.865,35.3833,77.18,87,86,11.86,light rain
275,Ejido,VE,8.5514,-71.2375,68.47,94,94,0.13,overcast clouds
276,Sorland,NO,67.667,12.6934,30.6,67,92,6.11,overcast clouds
277,Lengshuijiang,CN,27.6881,111.4294,26.35,90,97,1.9,light snow
278,Cabedelo,BR,-6.9811,-34.8339,81.27,81,100,9.35,overcast clouds
279,Nemuro,JP,43.3236,145.575,21.63,66,86,27.45,overcast clouds
280,Casa Grande,US,32.8795,-111.7573,63.43,54,75,1.99,broken clouds
281,Walvis Bay,NA,-22.9575,14.5053,63.09,82,1,5.75,clear sky
282,Grants Pass,US,42.439,-123.3284,37.85,93,20,0.0,few clouds
283,Palmerston North,NZ,-40.35,175.6167,74.5,71,94,8.99,overcast clouds
284,Madang,PG,-5.2246,145.7966,85.21,64,99,2.66,overcast clouds
285,Nanortalik,GL,60.1432,-45.2371,27.18,67,76,6.64,broken clouds
286,Dong Xoai,VN,11.5333,106.9167,71.42,95,13,2.82,few clouds
287,Acapulco,MX,16.8634,-99.8901,82.22,74,75,2.3,broken clouds
288,Ambon,ID,-3.6954,128.1814,87.94,70,40,9.22,scattered clouds
289,Agadez,NE,19.75,10.25,59.43,24,3,5.37,clear sky
290,Springville,US,40.1652,-111.6107,32.05,56,90,11.5,light snow
291,Alvdal,NO,62.1077,10.6307,21.04,92,78,3.42,broken clouds
292,Nouadhibou,MR,20.931,-17.0347,67.98,60,0,12.66,clear sky
293,Berbera,SO,10.4396,45.0143,75.6,78,18,2.82,few clouds
294,Jardim,BR,-21.4803,-56.1381,81.91,43,66,2.01,broken clouds
295,Vagur,FO,61.4732,-6.8119,42.75,83,100,27.6,overcast clouds
296,Plainview,US,40.7765,-73.4673,44.08,65,1,1.01,clear sky
297,Talara,PE,-4.5772,-81.2719,68.43,84,95,10.67,overcast clouds
298,Voznesenye,RU,61.0106,35.4781,8.71,92,100,12.17,overcast clouds
299,Ayan,RU,56.45,138.1667,-16.42,75,11,12.64,few clouds
300,Shaowu,CN,27.3409,117.4831,36.12,89,100,2.28,overcast clouds
301,Krasnokamensk,RU,50.0979,118.0369,-14.24,98,22,2.35,few clouds
302,Tayshet,RU,55.9342,98.0044,-8.59,97,100,2.13,overcast clouds
303,Shingu,JP,33.7333,135.9833,38.91,60,6,11.14,clear sky
304,Menongue,AO,-14.6585,17.691,67.21,70,95,3.4,overcast clouds
305,Angoche,MZ,-16.2325,39.9086,80.33,88,82,5.32,broken clouds
306,Tabuk,PH,17.4189,121.4443,67.77,94,100,10.76,overcast clouds
307,Tuatapere,NZ,-46.1333,167.6833,59.83,64,69,11.16,broken clouds
308,Tursunzoda,TJ,38.5144,68.2333,32.88,96,100,0.11,overcast clouds
309,Torbay,CA,47.6666,-52.7314,31.39,94,90,8.05,light snow
310,Atbasar,KZ,51.8,68.3333,-6.86,100,84,5.7,broken clouds
311,Inta,RU,66.0317,60.1659,-4.77,86,71,7.29,broken clouds
312,Varnamo,SE,57.186,14.04,22.08,95,55,2.77,broken clouds
313,Severo-Kurilsk,RU,50.6789,156.125,28.54,86,100,17.87,overcast clouds
314,Dicabisagan,PH,17.0818,122.4157,73.15,89,100,17.83,overcast clouds
315,Vestmanna,FO,62.1564,-7.1664,38.32,93,90,18.41,overcast clouds
316,Xichang,CN,27.8964,102.2634,35.74,93,96,2.68,overcast clouds
317,Grenfell,AU,-33.9,148.1667,76.32,44,0,10.11,clear sky
318,Portland,US,45.5234,-122.6762,35.78,88,92,1.01,light snow
319,Arona,ES,28.0996,-16.681,64.74,85,75,3.44,broken clouds
320,Ciego De Avila,CU,21.84,-78.7619,72.97,76,62,11.07,broken clouds
321,Kenai,US,60.5544,-151.2583,28.49,96,90,0.0,fog
322,Luangwa,ZM,-15.6167,30.4167,74.12,88,96,2.28,overcast clouds
323,Jiaozuo,CN,35.2397,113.2331,21.56,52,0,5.17,clear sky
324,Isla Vista,US,34.4133,-119.861,57.61,62,1,16.11,clear sky
325,Trairi,BR,-3.2778,-39.2689,78.55,85,100,6.44,overcast clouds
326,Pambujan,PH,12.5642,124.9276,77.41,86,91,15.64,overcast clouds
327,Antsohihy,MG,-14.8796,47.9875,75.34,96,100,3.4,light rain
328,Marang,MY,5.2056,103.2059,75.11,88,56,4.79,broken clouds
329,Belmonte,BR,-15.8631,-38.8828,73.9,91,67,7.36,broken clouds
330,Puro,PH,12.4841,123.3827,78.13,83,94,16.4,overcast clouds
331,Vicuna,CL,-30.0319,-70.7081,79.77,53,31,4.56,scattered clouds
332,Puerto Del Rosario,ES,28.5004,-13.8627,67.75,88,26,9.22,scattered clouds
333,Ahuimanu,US,21.4447,-157.8378,80.31,69,90,12.66,light rain
334,Araouane,ML,18.9048,-3.5265,66.67,17,18,9.82,few clouds
335,Asau,RO,46.4333,26.4,27.75,99,100,2.55,light snow
336,Hovd,MN,48.0056,91.6419,-3.05,73,92,2.59,overcast clouds
337,Souillac,MU,-20.5167,57.5167,75.36,83,36,8.77,scattered clouds
338,Mago,RU,53.2514,140.1822,-11.09,93,95,5.12,overcast clouds
339,Nabire,ID,-3.3667,135.4833,79.21,87,100,1.63,overcast clouds
340,Kurkino,RU,53.4257,38.6582,6.85,93,32,8.95,scattered clouds
341,Porto Novo,BJ,6.4965,2.6036,82.22,84,32,5.77,scattered clouds
342,Puerto Suarez,BO,-18.95,-57.8,79.66,58,93,1.03,overcast clouds
343,Faanui,PF,-16.4833,-151.75,80.78,69,52,9.4,broken clouds
344,San Ramon,US,37.7799,-121.978,49.35,90,90,1.01,light rain
345,Rajshahi,BD,24.3667,88.6,62.33,60,20,4.47,few clouds
346,Tutoia,BR,-2.7619,-42.2744,84.18,79,68,8.63,broken clouds
347,Ushtobe,KZ,45.2514,77.9838,30.74,72,100,4.23,overcast clouds
348,Guerrero Negro,MX,27.9769,-114.0611,62.65,64,66,19.17,broken clouds
349,Muriwai Beach,NZ,-36.8167,174.45,77.43,73,100,2.51,overcast clouds
350,Tongliao,CN,43.6125,122.2653,1.35,85,4,7.92,clear sky
351,Norfolk,US,42.1668,-71.2495,37.31,77,90,3.0,overcast clouds
352,Beloha,MG,-25.1667,45.05,69.33,85,88,13.0,overcast clouds
353,Kahului,US,20.8947,-156.47,80.62,59,20,18.41,few clouds
354,Mackenzie,CA,55.2999,-123.1698,-18.18,69,1,5.75,clear sky
355,Saint-Augustin,CA,51.226,-58.6502,31.05,80,49,16.91,scattered clouds
356,Hauterive,FR,46.0901,3.4459,43.56,88,97,4.5,overcast clouds
357,Reporoa,NZ,-38.4333,176.35,68.34,39,98,4.5,light rain
358,Asheboro,US,35.7079,-79.8136,61.07,56,1,0.0,clear sky
359,Ambatolampy,MG,-19.3833,47.4167,60.57,96,100,1.77,overcast clouds
360,Ukiah,US,39.1502,-123.2078,46.63,90,90,0.0,overcast clouds
361,Te Anau,NZ,-45.4167,167.7167,63.79,49,94,1.1,overcast clouds
362,Lahij,YE,13.1667,44.5833,66.31,80,2,4.61,clear sky
363,New Glasgow,CA,45.5834,-62.6486,33.12,83,96,14.79,overcast clouds
364,Owando,CG,-0.4819,15.8999,72.48,85,100,0.6,overcast clouds
365,Kurchum,KZ,48.5722,83.6542,9.5,77,99,2.98,overcast clouds
366,Constitucion,CL,-35.3333,-72.4167,60.73,76,100,7.52,overcast clouds
367,Bousse,BF,12.6606,-1.8922,74.77,15,82,9.28,broken clouds
368,Lyantonde,UG,-0.4031,31.1572,62.76,96,95,2.42,light rain
369,Jacksonville,US,30.3322,-81.6556,69.04,83,1,0.0,clear sky
370,Kumla,SE,59.1277,15.1434,28.67,93,86,8.05,mist
371,Barabinsk,RU,55.3571,78.357,17.8,96,100,3.85,light snow
372,Boma,GH,7.0805,-2.1697,73.29,38,6,2.73,clear sky
373,Diffa,NE,13.3154,12.6113,67.59,24,9,9.95,clear sky
374,Ranong,TH,9.9658,98.6348,78.73,90,49,4.45,scattered clouds
375,Wilmington,US,34.2257,-77.9447,64.31,80,40,4.61,scattered clouds
376,Oistins,BB,13.0667,-59.5333,75.29,73,20,9.22,few clouds
377,Zhangjiakou,CN,40.81,114.8794,12.88,40,0,4.83,clear sky
378,Awbari,LY,26.5921,12.7805,54.21,36,99,5.84,overcast clouds
379,Kempsey,AU,-31.0833,152.8333,73.94,84,64,7.0,light rain
380,Margate,GB,51.3813,1.3862,47.97,95,52,1.01,broken clouds
381,Skibbereen,IE,51.55,-9.2667,46.2,93,77,9.24,broken clouds
382,Dryden,CA,49.7833,-92.7503,-1.91,78,1,10.36,clear sky
383,Fortuna,US,40.5982,-124.1573,45.32,94,90,1.01,overcast clouds
384,Mayo,US,38.8876,-76.5119,54.25,68,1,1.99,clear sky
385,Santa Catarina De Tepehuanes,MX,25.35,-105.7333,66.56,29,1,9.22,clear sky
386,Banos,EC,-1.4,-78.4167,60.01,94,84,2.19,light rain
387,Manggar,ID,-2.8833,108.2667,79.48,84,99,5.35,overcast clouds
388,Berthierville,CA,46.0834,-73.1824,31.14,82,100,3.0,overcast clouds
389,Bayan,CN,46.0833,127.4,-8.32,94,100,5.19,overcast clouds
390,Bilibino,RU,68.0546,166.4372,-38.83,100,99,0.98,overcast clouds
391,Dakar,SN,14.6937,-17.4441,74.28,83,86,6.91,overcast clouds
392,Half Moon Bay,US,37.4636,-122.4286,51.06,88,75,0.0,mist
393,Lazaro Cardenas,MX,17.9583,-102.2,78.64,71,0,4.63,clear sky
394,Flinders,AU,-34.5833,150.8552,69.08,69,91,8.99,overcast clouds
395,General Pico,AR,-35.6566,-63.7568,80.1,28,7,4.63,clear sky
396,Khon Kaen,TH,16.5,102.0833,69.06,82,85,2.53,overcast clouds
397,Shimoda,JP,34.6667,138.95,39.56,50,0,23.0,clear sky
398,Dingle,PH,10.9995,122.6711,78.51,86,85,12.03,overcast clouds
399,Champerico,GT,14.3,-91.9167,82.04,72,1,9.46,clear sky
400,Broken Hill,AU,-31.95,141.4333,65.91,37,0,21.85,clear sky
401,Karratha,AU,-20.7377,116.8463,89.94,41,98,22.17,overcast clouds
402,Havelock,US,34.8791,-76.9013,60.78,90,1,0.0,clear sky
403,Coahuayana,MX,18.7333,-103.6833,81.88,76,60,3.38,broken clouds
404,California City,US,35.1258,-117.9859,49.41,55,1,11.01,clear sky
405,Shakawe,BW,-18.3667,21.85,68.94,81,20,8.25,few clouds
406,Egvekinot,RU,66.3167,-179.1667,-18.54,87,25,9.26,scattered clouds
407,Natal,BR,-5.795,-35.2094,80.82,89,75,6.91,broken clouds
408,Lasa,IT,46.6166,10.7002,35.02,92,72,1.66,broken clouds
409,Qaqortoq,GL,60.7167,-46.0333,37.9,62,67,7.25,broken clouds
410,Batya,HU,46.488,18.9542,31.53,64,100,5.73,light snow
411,Ugljevik,BA,44.6636,19.0203,34.97,96,100,3.4,overcast clouds
412,Neryungri,RU,56.6709,124.6491,-22.76,98,99,4.14,overcast clouds
413,Chuy,UY,-33.6971,-53.4616,63.99,75,0,4.05,moderate rain
414,Ilulissat,GL,69.2167,-51.1,24.82,50,9,2.3,clear sky
415,Griffith,US,41.5284,-87.4237,38.26,80,40,4.0,scattered clouds
416,Tazovskiy,RU,67.4667,78.7,-4.88,88,72,14.41,broken clouds
417,Kaeo,NZ,-35.1,173.7833,76.32,80,100,7.87,overcast clouds
418,Qurayyat,SA,31.3318,37.3428,39.38,65,0,0.0,clear sky
419,Agarak,AM,39.2068,46.5446,32.92,47,5,5.46,clear sky
420,Lamu,KE,-2.2717,40.902,75.42,85,60,4.32,broken clouds
421,Joura,IN,26.3411,77.8115,58.59,58,83,5.37,broken clouds
422,Lampa,CL,-33.2833,-70.9,79.65,29,0,14.97,clear sky
423,Waitati,NZ,-45.75,170.5667,52.47,90,100,0.11,overcast clouds
424,Coquimbo,CL,-29.9533,-71.3436,63.82,83,84,2.37,broken clouds
425,Taikang,CN,46.8333,124.4167,-10.05,90,49,4.72,scattered clouds
426,Korba,IN,22.35,82.6833,57.52,60,57,4.03,broken clouds
427,Iqaluit,CA,63.7506,-68.5145,8.33,78,90,4.61,light snow
428,Sosnovo-Ozerskoye,RU,52.5249,111.5418,-18.17,100,83,3.49,broken clouds
429,Toora-Khem,RU,52.4675,96.11,-18.54,100,96,0.92,overcast clouds
430,Kodinsk,RU,58.6881,99.1844,-10.62,100,100,1.19,overcast clouds
431,Umm Lajj,SA,25.0213,37.2685,67.8,48,43,10.16,scattered clouds
432,Dunedin,NZ,-45.8742,170.5036,51.96,91,100,1.14,overcast clouds
433,Bolshoye Nagatkino,RU,54.5196,47.9679,14.97,87,67,17.83,broken clouds
434,Haines Junction,CA,60.7522,-137.5108,1.35,78,100,0.0,snow
435,Guaraniacu,BR,-25.1008,-52.8781,71.02,52,70,1.57,broken clouds
436,Hailar,CN,49.2,119.7,-22.41,99,25,3.38,scattered clouds
437,Blackpool,GB,53.8167,-3.05,44.35,96,81,10.02,broken clouds
438,Vila Velha,BR,-20.3297,-40.2925,75.15,90,20,3.44,few clouds
439,Nambucca Heads,AU,-30.65,153.0,79.16,84,54,12.71,broken clouds
440,Carauari,BR,-4.8828,-66.8958,76.06,96,94,2.17,moderate rain
441,Imeni Poliny Osipenko,RU,52.4201,136.4853,-33.7,100,47,2.28,scattered clouds
442,Petatlan,MX,17.5167,-101.2667,85.8,73,0,2.77,clear sky
443,Wanning,CN,18.8003,110.3967,64.31,90,100,19.19,overcast clouds
444,Carmen,MX,18.6333,-91.8333,78.84,73,1,10.36,clear sky
445,Gloucester,GB,51.8657,-2.2431,48.33,95,19,4.47,few clouds
446,Svetlogorsk,BY,52.6333,29.7333,15.08,94,37,4.47,scattered clouds
447,Tolaga Bay,NZ,-38.3667,178.3,76.73,51,89,10.67,overcast clouds
448,Lithgow,AU,-33.4833,150.15,58.68,80,100,7.54,overcast clouds
449,Tecoanapa,MX,16.5167,-98.75,79.32,77,2,4.85,clear sky
450,Port Hedland,AU,-20.3167,118.5667,102.25,22,74,18.41,broken clouds
451,Ruwi,OM,23.5996,58.5507,71.29,68,54,4.52,broken clouds
452,Chilca,PE,-12.5211,-76.7372,69.96,85,71,6.29,broken clouds
453,Diamantino,BR,-14.4086,-56.4461,74.97,86,30,1.57,scattered clouds
454,Conakry,GN,9.538,-13.6773,80.67,83,20,2.3,mist
455,Moose Factory,CA,51.2585,-80.6094,-5.8,77,1,8.05,clear sky
456,Colac,AU,-38.3333,143.5833,63.63,49,62,13.11,broken clouds
457,Arys,KZ,42.4252,68.795,28.62,74,99,3.98,overcast clouds
458,Sulangan,PH,11.1373,123.7228,80.76,77,70,17.05,broken clouds
459,Aswan,EG,24.0934,32.907,53.73,36,55,9.1,broken clouds
460,Deputatskiy,RU,69.3,139.9,-26.43,96,100,5.75,overcast clouds
461,Praia Da Vitoria,PT,38.7333,-27.0667,64.65,82,40,32.93,scattered clouds
462,Hulan,CN,45.9833,126.6,-3.89,91,100,4.25,overcast clouds
463,Ayr,GB,55.4627,-4.6339,40.21,93,75,9.22,light rain
464,Namibe,AO,-15.1961,12.1522,67.1,80,67,6.04,broken clouds
465,Nyurba,RU,63.2842,118.3319,-17.07,98,100,4.34,overcast clouds
466,Praxedis Guerrero,MX,31.3667,-106.0167,71.19,31,92,20.24,overcast clouds
467,Rio Gallegos,AR,-51.6226,-69.2181,68.05,34,40,8.05,scattered clouds
468,Gerash,IR,27.6652,54.1371,50.14,22,97,7.25,overcast clouds
469,Muros,ES,42.7762,-9.0603,61.23,85,85,23.62,overcast clouds
470,La Romana,DO,18.4273,-68.9728,76.73,88,20,6.91,few clouds
471,Nara,JP,34.6851,135.8049,38.48,43,22,9.28,few clouds
472,Phuket,TH,8.0,98.25,84.09,85,20,3.44,few clouds
473,Sabha,LY,27.0377,14.4283,54.37,39,100,5.48,overcast clouds
474,Mandalgovi,MN,45.7625,106.2708,9.1,29,7,15.12,clear sky
475,Buta,CD,2.7858,24.73,71.8,85,80,2.42,broken clouds
476,Mahibadhoo,MV,3.7833,72.9667,81.0,65,6,16.62,clear sky
477,Lagoa,PT,39.05,-27.9833,62.73,80,44,36.19,scattered clouds
478,Montabaur,DE,50.4333,7.8333,38.39,89,100,3.36,light rain
479,Sechura,PE,-5.5569,-80.8222,71.92,70,99,14.63,overcast clouds
480,Evensk,RU,61.95,159.2333,-12.84,75,56,16.04,broken clouds
481,Palaikastron,GR,35.2,26.25,56.53,68,0,9.24,clear sky
482,Zarubino,RU,42.63,131.0922,7.61,65,49,16.37,scattered clouds
483,Zhangye,CN,38.9342,100.4517,6.87,71,0,1.21,clear sky
484,Saint-Paul,RE,-21.0096,55.2707,77.11,83,7,0.76,clear sky
485,Karatsu,JP,33.4425,129.9697,37.9,25,88,1.01,light rain
486,Ambulu,ID,-8.345,113.6058,80.65,84,100,3.74,overcast clouds
487,Henties Bay,NA,-22.116,14.2845,62.85,87,1,4.7,clear sky
488,Touros,BR,-5.1989,-35.4608,77.9,78,99,9.33,light rain
489,Aloleng,PH,16.1307,119.7824,77.88,69,99,10.47,overcast clouds
490,Faxinal,BR,-24.0003,-51.3194,73.42,45,54,3.67,broken clouds
491,Fare,PF,-16.7,-151.0167,79.92,72,72,8.61,broken clouds
492,Lichinga,MZ,-13.3128,35.2406,71.69,56,20,9.22,few clouds
493,Bumba,CD,2.1833,22.4667,74.1,86,91,2.71,overcast clouds
494,Ilhabela,BR,-23.7781,-45.3581,72.99,87,8,9.93,clear sky
495,Caravelas,BR,-17.7125,-39.2481,73.51,93,83,2.75,broken clouds
496,Sitka,US,57.0531,-135.33,26.49,54,90,6.91,overcast clouds
497,Kendari,ID,-3.945,122.4989,77.56,92,100,2.26,overcast clouds
498,Agucadoura,PT,41.4318,-8.7804,60.31,88,98,23.42,overcast clouds
499,Chuguyevka,RU,44.1653,133.8633,-7.49,94,100,1.95,overcast clouds
500,Panzhihua,CN,26.5851,101.7128,42.17,94,1,2.3,clear sky
501,Pampa,US,35.5362,-100.9599,72.55,16,1,19.57,clear sky
502,Estelle,US,29.8458,-90.1067,73.99,78,75,5.75,broken clouds
503,Batangafo,CF,7.3008,18.2833,74.86,28,98,1.79,overcast clouds
504,Kollam,IN,8.8833,76.6,75.07,82,5,9.08,clear sky
505,Dongkan,CN,33.9997,119.8308,20.43,32,43,5.61,scattered clouds
506,Tokmak,UA,47.2514,35.7058,24.01,86,98,6.26,overcast clouds
507,Teguldet,RU,57.3064,88.1667,1.31,95,99,3.69,overcast clouds
508,Ostrow Mazowiecka,PL,52.8024,21.8951,18.63,94,13,3.69,few clouds
509,Irbeyskoye,RU,55.6428,95.4522,5.41,96,100,1.68,overcast clouds
510,Viedma,AR,-40.8135,-62.9967,68.47,43,0,14.63,clear sky
511,Vaitape,PF,-16.5167,-151.75,80.74,68,52,9.37,broken clouds
512,Jacareacanga,BR,-6.2222,-57.7528,75.99,94,95,1.21,overcast clouds
513,Namatanai,PG,-3.6667,152.4333,85.39,68,93,11.97,overcast clouds
514,Ampanihy,MG,-24.7,44.75,69.62,82,81,12.41,broken clouds
515,Longavi,CL,-35.9667,-71.6833,80.1,22,92,8.88,overcast clouds
516,Camacha,PT,33.0833,-16.3333,65.53,88,40,5.75,scattered clouds
517,Hailey,US,43.5196,-114.3153,19.26,80,90,4.61,snow
518,Puerto Cabezas,NI,14.0351,-83.3888,75.0,90,23,6.62,few clouds
519,Lulea,SE,65.5842,22.1547,8.67,78,20,4.61,few clouds
520,Guozhen,CN,34.3659,107.359,25.43,62,93,0.56,overcast clouds
521,Harrisonville,US,38.6533,-94.3488,62.22,71,1,10.36,clear sky
522,Atasu,KZ,48.6814,71.6433,-0.04,100,92,1.34,overcast clouds
523,Ust-Ilimsk,RU,58.0006,102.6619,-11.38,100,99,1.57,overcast clouds
524,Luderitz,NA,-26.6481,15.1594,63.09,88,1,4.59,clear sky
525,Eskilstuna,SE,59.3666,16.5077,29.03,96,97,1.99,overcast clouds
526,Hihya,EG,30.6713,31.588,52.68,83,0,5.79,clear sky
527,Carutapera,BR,-1.195,-46.02,76.62,91,92,7.18,overcast clouds
528,Yerofey Pavlovich,RU,53.9667,121.9667,-17.61,95,36,3.42,scattered clouds
529,Adrar,MR,20.5022,-10.0711,65.95,25,31,8.63,scattered clouds
530,Hay River,CA,60.8156,-115.7999,-20.22,76,20,8.05,few clouds
531,Seka,TH,17.9285,103.9552,68.77,70,90,7.2,overcast clouds
532,Qasigiannguit,GL,68.8193,-51.1922,25.05,75,13,4.85,few clouds
533,Kasongo-Lunda,CD,-6.4667,16.8167,69.03,98,100,0.98,overcast clouds
534,Bombay,IN,19.0144,72.8479,69.78,88,80,0.0,mist
535,Vammala,FI,61.3333,22.9,13.44,99,90,2.37,overcast clouds
536,Hovorany,CZ,48.9549,16.9935,30.61,82,98,4.27,overcast clouds
537,Alice Springs,AU,-23.7,133.8833,87.35,25,0,18.41,clear sky
538,Tual,ID,-5.6667,132.75,82.36,82,100,16.28,overcast clouds
539,Gushikawa,JP,26.3544,127.8686,58.23,62,90,17.27,overcast clouds
540,Rincon,US,32.296,-81.2354,68.86,91,1,5.75,clear sky
541,Pangoa,PE,-12.1167,-73.0,71.2,96,93,2.51,overcast clouds
542,Mount Gambier,AU,-37.8333,140.7667,66.11,45,40,19.57,scattered clouds
543,Pasni,PK,25.2631,63.471,71.82,76,65,6.51,broken clouds
544,Sukhothai,TH,17.25,99.6667,69.69,94,20,2.3,few clouds
545,Havoysund,NO,70.9963,24.6622,23.88,77,100,7.4,light snow
546,Novo Cruzeiro,BR,-17.4681,-41.8753,63.55,99,31,1.77,scattered clouds
547,Yeppoon,AU,-23.1333,150.7333,76.78,79,100,6.58,light rain
548,Khasan,RU,42.4308,130.6434,10.49,55,41,16.73,scattered clouds
549,Hongjiang,CN,27.11,109.9956,27.03,93,100,3.15,overcast clouds
550,Cayenne,GF,4.9333,-52.3333,79.09,89,90,3.0,overcast clouds
551,Petropavlovka,RU,50.6114,105.3196,-11.9,92,38,3.53,scattered clouds
552,Alta Floresta,BR,-9.8756,-56.0861,72.88,96,71,1.74,broken clouds
553,Ipora,BR,-16.4419,-51.1178,74.48,75,69,1.7,broken clouds
554,Kawalu,ID,-7.3817,108.2082,75.42,87,93,0.58,overcast clouds
555,Feira De Santana,BR,-12.2667,-38.9667,73.69,86,100,5.06,overcast clouds
556,Amazar,RU,53.858,120.875,-19.19,97,29,2.84,scattered clouds
557,Shenjiamen,CN,29.9576,122.298,36.03,56,96,16.42,overcast clouds
558,Dospat,BG,41.65,24.1667,34.3,98,96,0.96,overcast clouds
559,Kontagora,NG,10.3999,5.4695,73.44,26,37,5.86,scattered clouds
560,Tres Arroyos,AR,-38.3739,-60.2798,61.32,51,0,8.48,clear sky
561,Ternate,ID,0.8,127.4,81.07,82,100,10.25,overcast clouds
562,Morlaix,FR,48.5833,-4.0,51.87,100,75,11.5,light rain
563,Shadegan,IR,30.6497,48.6647,48.11,43,0,9.8,clear sky
564,Mangrol,IN,21.1167,70.1167,68.94,80,92,9.66,overcast clouds
565,Bida,NG,9.0833,6.0167,78.01,24,5,3.98,clear sky
566,Spasskoye,RU,44.6108,132.7969,-5.89,86,89,3.15,overcast clouds
567,Genhe,CN,50.7833,121.5167,-25.64,100,11,1.52,few clouds
568,Fuxin,CN,42.0156,121.6589,7.34,77,1,3.6,clear sky
569,Opuwo,NA,-18.0607,13.84,64.58,30,42,9.62,scattered clouds
570,Letlhakane,BW,-21.4167,25.5833,68.31,90,99,9.35,light rain
571,Cap Malheureux,MU,-19.9842,57.6142,75.47,90,36,1.99,scattered clouds
572,Cockburn Town,TC,21.4612,-71.1419,77.95,72,1,14.14,clear sky
573,Morro Bay,US,35.3658,-120.8499,56.19,67,13,3.0,few clouds
574,Nohar,IN,29.1833,74.7667,54.36,82,2,6.62,clear sky
575,Ocos,GT,14.5094,-92.1933,82.0,72,1,9.4,clear sky
576,Yelan-Kolenovskiy,RU,51.1632,41.151,12.83,92,8,10.16,clear sky
577,Saldanha,ZA,-33.0117,17.9442,62.65,89,0,8.25,clear sky
578,Bilma,NE,18.6853,12.9164,63.19,22,89,5.39,overcast clouds
579,Elliot Lake,CA,46.3834,-82.6331,19.49,79,16,4.99,few clouds
580,Salina Cruz,MX,16.1667,-95.2,78.53,59,0,5.17,clear sky
581,Magaria,NE,12.9983,8.9099,65.34,18,91,9.91,overcast clouds
582,Port Lincoln,AU,-34.7333,135.8667,63.81,62,72,21.32,broken clouds
583,Kalispell,US,48.1958,-114.3129,8.38,81,90,5.99,light snow
584,Pagudpud,PH,18.5616,120.7868,73.36,82,93,24.05,overcast clouds
585,Odweyne,SO,9.4092,45.064,65.08,65,29,7.31,scattered clouds
586,Howard Springs,AU,-12.497,131.047,80.51,98,100,17.02,light rain
587,Troy,US,42.6056,-83.1499,33.82,79,1,3.0,clear sky
588,Goderich,CA,43.7501,-81.7165,34.12,64,60,3.44,broken clouds
589,Panguna,PG,-6.3164,155.4848,82.04,64,100,2.86,overcast clouds
590,Grindavik,IS,63.8424,-22.4338,32.9,100,90,8.05,light snow
591,Dharchula,IN,29.85,80.5333,41.85,77,69,4.34,broken clouds
592,Takaka,NZ,-40.85,172.8,76.37,55,95,12.71,overcast clouds
593,Khandyga,RU,62.6667,135.6,-56.72,100,98,1.9,overcast clouds
594,Susanville,US,40.4163,-120.653,30.04,83,90,13.8,light snow
595,Atherton,GB,53.5237,-2.4935,44.44,95,91,1.99,overcast clouds
596,Formosa Do Rio Preto,BR,-11.0483,-45.1931,70.21,99,100,3.2,moderate rain
597,Wasilla,US,61.5814,-149.4394,30.69,92,90,4.61,mist
598,Rawson,AR,-43.3002,-65.1023,74.37,34,0,19.26,clear sky
599,Waipawa,NZ,-41.4122,175.5153,68.94,61,50,17.29,scattered clouds
600,Sibi,PK,29.5448,67.8764,56.91,40,40,0.4,scattered clouds
601,Rosolini,IT,36.8242,14.9478,56.41,84,100,9.1,overcast clouds
602,Whyalla,AU,-33.0333,137.5833,64.29,52,51,17.27,broken clouds
603,Zemio,CF,5.0314,25.1361,77.43,44,98,1.34,overcast clouds
604,Vallenar,CL,-28.5708,-70.7581,73.67,48,47,5.21,scattered clouds
605,Mazagao,BR,-0.115,-51.2894,77.05,95,82,3.18,broken clouds
606,Los Andes,CL,-32.8337,-70.5983,78.58,50,95,4.79,overcast clouds
607,Sabang,ID,5.8933,95.3214,81.37,69,38,12.46,scattered clouds
608,Taksimo,RU,56.3444,114.8794,-8.12,95,73,1.25,broken clouds
609,Pontianak,ID,-0.0333,109.3333,76.98,94,20,3.44,mist
610,Mundwa,IN,27.0667,73.8167,55.98,90,26,8.61,scattered clouds
611,Mikkeli,FI,61.6886,27.2723,12.31,85,90,8.05,light snow
612,Buckeye,US,33.3703,-112.5838,64.71,60,21,6.91,few clouds
613,Morgan City,US,29.6994,-91.2068,73.4,94,75,6.91,broken clouds
614,Falam,MM,22.9167,93.6833,42.4,81,0,1.54,clear sky
615,Camabatela,AO,-8.1881,15.375,63.34,100,100,2.64,light rain
616,Pangai,TO,-19.8,-174.35,87.91,58,75,9.22,light rain
617,Lensk,RU,60.7253,114.9278,-19.53,99,99,0.92,overcast clouds
618,Standerton,ZA,-26.9337,29.2415,61.61,75,99,4.14,overcast clouds
619,Nalut,LY,30.3333,10.85,54.46,37,18,9.6,few clouds
620,Mutis,CO,6.2262,-77.4044,77.52,91,88,4.05,moderate rain
621,Lavrentiya,RU,65.5833,-171.0,-5.22,86,98,8.34,overcast clouds
622,Uhlove,UA,44.8215,33.6045,42.57,91,100,7.81,overcast clouds
623,Arlit,NE,18.7369,7.3853,63.79,20,0,9.22,clear sky
624,Bosconia,CO,9.9689,-73.8836,84.06,59,97,1.92,overcast clouds
625,Bonavista,CA,48.6499,-53.1147,30.11,86,73,14.12,broken clouds
626,Nenjiang,CN,49.1833,125.2167,-22.94,98,38,2.53,scattered clouds
627,Kamina,CD,-8.7386,24.9906,63.88,94,98,3.15,overcast clouds
628,La Rioja,ES,42.25,-2.5,50.04,88,100,5.1,overcast clouds
629,Luanda,AO,-8.8368,13.2343,75.2,88,75,2.3,broken clouds
630,Chama,CH,47.1821,8.4636,44.28,94,75,1.14,mist
631,Bendigo,AU,-36.7667,144.2833,71.85,40,1,5.01,clear sky
632,Nangomba,TZ,-10.9,38.5,67.64,91,4,3.11,clear sky
633,Kiama,AU,-34.6833,150.8667,69.28,68,96,17.29,overcast clouds
634,Tezu,IN,27.9167,96.1667,54.43,57,57,3.38,broken clouds
635,Kathu,TH,7.9178,98.3332,83.7,81,22,9.84,few clouds
636,Tuensang,IN,26.2833,94.8333,45.41,91,54,3.42,broken clouds
637,Eureka,US,40.8021,-124.1637,45.57,94,100,4.0,overcast clouds
638,Palanga,LT,55.9175,21.0686,33.82,64,75,4.61,broken clouds
639,Butembo,CD,0.15,29.2833,57.2,95,93,3.06,overcast clouds
640,Gaziantep,TR,37.0594,37.3825,37.33,87,75,0.0,mist
641,San Juan,AR,-31.5375,-68.5364,89.2,27,100,6.06,overcast clouds
642,Ardakan,IR,32.31,54.0175,41.85,47,0,5.57,clear sky
643,Buchanan,LR,5.8808,-10.0467,78.76,84,16,3.27,few clouds
644,Dana Point,US,33.467,-117.6981,58.91,68,19,1.99,few clouds
645,Ocean City,US,39.2776,-74.5746,46.98,66,24,4.0,few clouds
646,Boralday,KZ,43.3578,76.8594,31.86,100,90,2.24,shower sleet
647,Rheinau,DE,48.8667,8.2,49.23,100,90,1.14,overcast clouds
648,Wewak,PG,-3.5534,143.6268,83.03,73,100,3.22,overcast clouds
649,Fuchu,JP,35.6667,139.4833,40.51,36,0,2.3,clear sky
650,Buala,SB,-8.145,159.5921,84.92,73,82,5.95,light rain
651,Guangyuan,CN,32.442,105.823,32.86,72,99,3.2,overcast clouds
652,Kieta,PG,-6.2167,155.6333,86.47,66,99,2.26,overcast clouds
653,Key Largo,US,25.0865,-80.4473,75.97,67,52,5.91,broken clouds
654,Aldan,RU,58.6031,125.3894,-26.16,99,100,4.25,overcast clouds
655,Orbetello,IT,42.4408,11.2196,53.24,87,42,3.27,scattered clouds
656,Kosh-Agach,RU,50.0,88.6667,-14.75,74,10,3.0,clear sky
657,Malanje,AO,-9.5402,16.341,65.01,99,100,3.69,overcast clouds
658,Shiraoi,JP,42.55,141.35,21.76,69,11,9.04,few clouds
659,Tanabe,JP,33.7333,135.3667,38.93,53,40,7.0,scattered clouds
660,Pochutla,MX,15.7432,-96.4661,79.65,75,6,3.33,clear sky
661,Broome,US,42.2506,-75.833,37.83,72,90,7.0,overcast clouds
662,Westport,US,41.1415,-73.3579,43.79,70,75,1.99,broken clouds
663,Depok,ID,-6.4,106.8186,83.64,89,20,0.0,haze
664,Banda Aceh,ID,5.5577,95.3222,75.25,79,35,9.69,scattered clouds
665,Matara,LK,5.9485,80.5353,71.17,88,14,8.72,few clouds
666,Hwange,ZW,-18.3693,26.5019,68.54,88,68,2.06,broken clouds
667,Almaznyy,RU,48.0448,40.045,24.94,94,100,5.32,overcast clouds
668,Sao Geraldo Do Araguaia,BR,-6.4006,-48.555,71.17,99,87,3.22,overcast clouds
669,Lyudinovo,RU,53.8664,34.4478,8.15,90,14,7.56,few clouds
670,Okha,RU,53.5739,142.9478,-4.18,89,97,22.62,overcast clouds
671,Lichtenau,DE,51.6167,8.9,33.01,88,0,4.61,clear sky
672,Turukhansk,RU,65.8167,87.9833,-19.48,98,41,5.37,scattered clouds
673,San Cristobal,VE,7.7669,-72.225,75.38,96,78,1.03,broken clouds
674,Hami,CN,42.8,93.45,19.24,29,8,4.29,clear sky
675,Salinopolis,BR,-0.6136,-47.3561,78.75,85,94,12.03,overcast clouds
676,Saint-Joseph,RE,-21.3667,55.6167,75.58,84,35,10.83,scattered clouds
677,Eenhana,NA,-17.4667,16.3333,76.75,25,40,6.26,scattered clouds
678,Lafiagi,NG,8.8667,5.4167,78.03,23,10,3.98,clear sky
679,Petropavlovsk-Kamchatskiy,RU,53.0452,158.6483,32.59,69,75,15.66,light shower snow
680,Letnik,RU,46.011,41.2657,45.43,80,100,10.02,light rain
681,Seymchan,RU,62.8833,152.4333,-38.06,99,91,2.1,overcast clouds
682,Mount Isa,AU,-20.7333,139.5,87.57,35,75,8.05,broken clouds
683,College,US,64.8569,-147.8028,35.65,94,90,0.0,moderate rain
684,Acari,PE,-15.4311,-74.6158,73.78,78,94,4.47,overcast clouds
685,Moyale,KE,3.5167,39.0584,67.96,65,4,5.14,clear sky
686,Astoria,US,46.1879,-123.8313,35.85,82,90,8.01,light snow
687,Bima,ID,-8.4667,118.7167,81.73,80,100,3.33,overcast clouds
688,Tura,IN,25.5198,90.2201,57.49,55,23,2.59,few clouds
689,Uzhur,RU,55.3036,89.8339,3.16,92,100,3.6,overcast clouds
690,Ulladulla,AU,-35.35,150.4667,68.9,66,92,14.83,overcast clouds
691,Bath,GB,51.3779,-2.3591,48.25,97,37,4.63,scattered clouds
692,Santa Maria,BR,-29.6842,-53.8069,76.3,69,0,11.5,clear sky
693,Guaiba,BR,-30.1139,-51.325,76.86,71,20,6.91,few clouds
694,Tateyama,JP,34.9833,139.8667,45.1,35,73,3.71,broken clouds
695,Lydenburg,ZA,-25.0978,30.4597,60.71,92,100,2.08,overcast clouds
696,Balkanabat,TM,39.5108,54.3671,40.33,48,50,7.81,scattered clouds
697,Matay,EG,28.419,30.7792,49.62,72,17,8.52,few clouds
698,Dangeni,RO,47.85,26.9667,28.69,94,100,4.09,overcast clouds
699,Belyy Yar,RU,53.6039,91.3903,-2.31,84,75,0.0,smoke
700,Whitehorse,CA,60.7161,-135.0538,-5.03,71,90,25.32,light snow
701,Sangueya,GN,10.7,-14.3667,77.52,70,100,1.99,overcast clouds
702,Yumen,CN,40.2833,97.2,5.27,82,4,7.05,clear sky
703,Bournemouth,GB,50.7205,-1.8795,48.76,96,56,5.21,broken clouds
704,Port Hawkesbury,CA,45.6169,-61.3485,35.19,96,90,10.0,light snow
705,Bruntal,CZ,49.9884,17.4647,20.79,79,5,1.28,clear sky
706,Zelenogorskiy,RU,55.0333,87.0,10.92,99,93,0.74,overcast clouds
707,Aripuana,BR,-9.1667,-60.6333,74.98,98,100,2.21,heavy intensity rain
